id,puzzle,solution,difficulty_level,difficulty_score,hardest_technique,rating_version,source,content_version,checksum,enabled
hsp-bec7b14c7309c1129bc9,000005000700190000059376100300000000000080021002001846040060000080910063000000009,861425937723198654459376182318642795674589321592731846947263518285917463136854279,1,266,n1,hodoku2-2.4.3+hsp-1.0,hodoku2-2.4.3-build-116,1,67f6f16a8987ba2612506073fd09d18b8e545c7b2469bb5580ab06b80073c33e,1
hsp-e9a30c1d248620dd7f76,104206095900001000000004000000000006000070004035000908000800400000000209650000071,174286395983751642526934187492518736861379524735642918217895463348167259659423871,1,268,n1,hodoku2-2.4.3+hsp-1.0,hodoku2-2.4.3-build-116,1,cecc77e39cc0e55928f7491726ca09074a83cc82c68463edf66eae5519bd9462,1
hsp-9dc91ff3468f8f23ffd4,005000003300007900000005001427030600010900504003008000000000702000684100100000060,975816423381247956246395871427531689618972534593468217869153742732684195154729368,1,280,n1,hodoku2-2.4.3+hsp-1.0,hodoku2-2.4.3-build-116,1,2304c17bf029464307c82a1002b282209bde65f92ad5d71b1129bc0560cf8c46,1
hsp-617ac40d5f74cc1c2d52,000000010000900056103000800500200097700040080080310000000000060075400000000106920,469785213827931456153624879514268397732549681986317542291853764675492138348176925,1,284,n1,hodoku2-2.4.3+hsp-1.0,hodoku2-2.4.3-build-116,1,f16cf3ee965491ee1cbc4fc6919c1097ef79b5d8309d8b1fef7ae66b09e2bc66,1
hsp-a9ae8b2b52c751ade9c0,000480900519000000008002000075000203490263000000000000000000000700906840000048300,267481935519637482348592716675814293491263578832759164184375629753926841926148357,1,294,n1,hodoku2-2.4.3+hsp-1.0,hodoku2-2.4.3-build-116,1,96efdcab671c88e99091703a7a60c4e5067219791802f53b4facea05f4819bbe,1
hsp-6814c11ef1bbecaeb53e,700002000000000200340000000000000005870091000000076040006000350000038010200100097,719382564658714239342659781461823975875491623923576148186947352597238416234165897,1,332,n1,hodoku2-2.4.3+hsp-1.0,hodoku2-2.4.3-build-116,1,cdd3751425e3a25f2473f6f397001e0beb64307da93f2388d364feaef425118d,1
hsp-1c5296cf40a91c0da98f,500000000000010056000060479013985000700000000000000030026000000000009208007802001,564798312379214856281563479413985627792346185658127934826451793135679248947832561,1,338,h1,hodoku2-2.4.3+hsp-1.0,hodoku2-2.4.3-build-116,1,65ff4286fa3b650cfc2bfc87cd2a5d895e5826e843d7b7c6cd719333c72f3c57,1
hsp-95c0bb55d1f365b67283,007136000060098001000700000540200000006000240090000080000085000000000400072604950,827136594463598721159742863548269137736851249291473685614985372985327416372614958,1,340,n1,hodoku2-2.4.3+hsp-1.0,hodoku2-2.4.3-build-116,1,d55f5a419d662aa8e60f5219b69e44782f99fa8da79abac9a00c2ce1db50f507,1
hsp-eac4cf8a0b44bc81726f,006900000000000012400823000000050006003600000007000028002309700010000290700085000,326971854978546312451823679294758136183692547567134928642319785815467293739285461,1,344,h1,hodoku2-2.4.3+hsp-1.0,hodoku2-2.4.3-build-116,1,acfcd06d3d5c8dda3f5b3fada6c076987fa88fcb91f1033ca13d7fc862186dc5,1
hsp-0567e3bd9a23d0776678,000005004702000003000027000860004705000000000401002600000700000290500480650000030,189635274742981563536427819863194725925876341471352698314768952297513486658249137,1,354,n1,hodoku2-2.4.3+hsp-1.0,hodoku2-2.4.3-build-116,1,90e98c2d02f49d87bf87170db3ac3949a958338b5a8281bdd1de4d2d8a3b4b42,1
hsp-fd91e904622f3837a06b,000705048304090010060000000000003000070059000000010485010000200095000600007500000,129765348354298716768341529581423967476859132932617485813976254295184673647532891,1,368,n1,hodoku2-2.4.3+hsp-1.0,hodoku2-2.4.3-build-116,1,810280e77219a38370021347196b579e470379e3b13351c5545328551b183235,1
hsp-d695798427d92b93a1d8,000000000004350000079000604000009000000170350000000019000001060386900170090780000,813694725624357891579812634135469287942178356768523419457231968386945172291786543,1,374,h1,hodoku2-2.4.3+hsp-1.0,hodoku2-2.4.3-build-116,1,f7c27225d0f4a46f1fb714113b0a7ab1c3aeee2a58c7dc1404bfe25e3d642b40,1
hsp-f4b7b121fea8566e4116,000700000200000600009000002300000008000006020520010000908302004600800050000900700,465723891283149675719685342346297518891536427527418936978352164634871259152964783,1,376,n1,hodoku2-2.4.3+hsp-1.0,hodoku2-2.4.3-build-116,1,818931bf44e31130d5385dba94f214c30ed5962ab05f580d5f60b7204adc5c7c,1
hsp-c2931c8b5038124fea3b,000000000000005274074060100000002410080000009920004030030040000000910387190000000,815427963369185274274369158753892416486531729921674835637248591542916387198753642,1,390,n1,hodoku2-2.4.3+hsp-1.0,hodoku2-2.4.3-build-116,1,6bc53bb4f4ccdc13aba65de0508a9b73aaee6e480f509c6bdc1d663798ce937f,1
hsp-3e82818a12608ddcbb64,000070560301800000590000000850002300260000001009700000030080607000000000010903000,428179563371856942596324718857612394263495871149738256934581627685247139712963485,1,408,n1,hodoku2-2.4.3+hsp-1.0,hodoku2-2.4.3-build-116,1,f29479ae6cc6a64fd0231286f425541874b87ee5041685ed928d8017d09c28e1,1
hsp-98c528bf55d3a01fcc5d,060000720700800340000030005002740000080000000600002000000000590058000460001080000,863451729715829346429637185592748613184365972637192854376214598258973461941586237,1,412,n1,hodoku2-2.4.3+hsp-1.0,hodoku2-2.4.3-build-116,1,b73cb92ddc5a8f8545d0ba39a37f7b4ece5448005d110dbccfac529df18437e0,1
hsp-c7fbef56e1e5c18021a9,009000003000070000740006200953080106008060020000000004670920000000030000000705000,129854763836279415745316298953482176418567329267193854674928531582631947391745682,1,428,n1,hodoku2-2.4.3+hsp-1.0,hodoku2-2.4.3-build-116,1,430d64b65aa7cc4b314060a364c2be6a4e4920f447dc62014f7b4f52dd62a36b,1
hsp-8016370480b0740b9036,000039040100200680070000100000006070090020008300000260006000000040007000200040009,862139547159274683473568192524386971691725438387491265736952814945817326218643759,1,432,h1,hodoku2-2.4.3+hsp-1.0,hodoku2-2.4.3-build-116,1,d4b0c83d3bc08559eb399fe7b5427f20f62bbdb55a9161e9a8345689eb3b3c85,1
hsp-2ab17d27c36d2df99155,000040035907000400000700000700205004300000000080436000000009000008000170039520000,612948735957613428843752691761295384394871562285436917476189253528364179139527846,1,438,n1,hodoku2-2.4.3+hsp-1.0,hodoku2-2.4.3-build-116,1,e1d2dc1488df6bc80df6a59569b020a492612b321e364d4c8c811b601af933d4,1
hsp-5c5a94d81291a2b44d67,000060000008000261070490000000030008451200000000000000800001609000020380005009000,532168497948753261176492835697534128451286973283917546824371659719625384365849712,1,442,h1,hodoku2-2.4.3+hsp-1.0,hodoku2-2.4.3-build-116,1,0b14d3f99a41b5a1c35591b48fa48558c697d01cbbe7a1376fac216d423fbc03,1
hsp-0340500b01aa34c8bd5a,009000000000000503000002080000417006600005700000006031270080000030070102901300070,189753624742968513356142987893417256614235798527896431275681349438579162961324875,2,400,l2,hodoku2-2.4.3+hsp-1.0,hodoku2-2.4.3-build-116,1,0b09687e334edd616392334f7475053b3af15f118927e9ced3b6d8765874965a,1
hsp-e7cf01307154d79eb57f,907500003030980270000000900000000006040000705000000090072008000000704120001300080,987512463534986271126473958319257846248639715765841392672198534853764129491325687,2,414,lc1,hodoku2-2.4.3+hsp-1.0,hodoku2-2.4.3-build-116,1,f10754b94c96ae5fee96eb6e7f5a03cbf9bfa00404d470389eb61d6c0f46e141,1
hsp-0631caea5be57672e28c,009580000000000985000020037060300000000000000070100603004000021000640000508000460,719583246243761985856924137965372814381496572472158693694835721127649358538217469,2,418,lc1,hodoku2-2.4.3+hsp-1.0,hodoku2-2.4.3-build-116,1,b5b76c701c84c6a86d9be73b2f52462597508420ebd2fc818d1f2da18ecc45de,1
hsp-e14d99c3349d703cded5,306000280258000010010000007000000000560070020009306400000120000000060750780090000,376541289258739614914682537147258396563974821829316475635127948491863752782495163,2,420,lc1,hodoku2-2.4.3+hsp-1.0,hodoku2-2.4.3-build-116,1,94d2f9b401c3958fe8c23130a8a8b427e8c5cb87b23c40d09f2b56ba1c40e690,1
hsp-947871ba4620eb3a4cd9,105270030327090000900000000000000060008019350700080000004000000000800046000400019,185276934327194685946358127291543768468719352753682491614925873579831246832467519,2,434,lc1,hodoku2-2.4.3+hsp-1.0,hodoku2-2.4.3-build-116,1,f912baa661c274ea519d9797e3d8f73276506d7d16492a05b4e9e5ea7795be54,1
hsp-3cbee77322fcaa49792c,085601000000020085004300000000400061400009700209000040030100070060000000000003600,385691427691724385724358196853472961416839752279516843938165274162947538547283619,2,438,l2,hodoku2-2.4.3+hsp-1.0,hodoku2-2.4.3-build-116,1,837ffba7e0ff74bd968c07fd54bf34e7017bc0891728dcf7dac917e0f5e6a740,1
hsp-41cd1e12a52b20306e14,000005120600300080003014050000700000000000009000200034005020000040003000200001640,489675123651392487723814956594736812372148569816259734165427398948563271237981645,2,442,lc1,hodoku2-2.4.3+hsp-1.0,hodoku2-2.4.3-build-116,1,68747bfa54dad6193e1495515fcc91e2409ae369379b008efcec000f0b43aac8,1
hsp-cc4b5afe087fe8420b69,040000005100000070609500000000200908050080000000070000003027009006000800700031200,842713695135968472679542381367254918951386724428179563583627149216495837794831256,2,452,lc1,hodoku2-2.4.3+hsp-1.0,hodoku2-2.4.3-build-116,1,a80fdf1e52c77d06b243070c930af2e6ab592b4373edaf0c34cad4301a4698e7,1
hsp-6c8613549b9b28141cd8,000700014000045900000098076413000000700030000002000050000000005240060000007009820,986723514371645982524198376413586297759234168862917453198372645245861739637459821,2,454,lc1,hodoku2-2.4.3+hsp-1.0,hodoku2-2.4.3-build-116,1,1927efec1fd87d98d0f63e96b2894b8d9b49208a30d781fd59938681bc086378,1
hsp-26ead24543c1d6567870,000000008004108052300620070040000025000500890056090000092000400005030000000009000,527943618964178352318625974149386725273514896856792143692857431785431269431269587,2,494,lc1,hodoku2-2.4.3+hsp-1.0,hodoku2-2.4.3-build-116,1,a026c3aa364ad9646bc76e4d3ab0399e1117929dd165163951904a39eb240083,1
hsp-29df32eaace9f0009ba4,814096000000002000009000040040010600000030001000009050001370800650040270000020000,814796325376452198529183746945817632762534981183269457291375864658941273437628519,2,514,lc1,hodoku2-2.4.3+hsp-1.0,hodoku2-2.4.3-build-116,1,2f992923597b01fd6e8347184c2752af83200b9bfe091d71aa62855200a18a94,1
hsp-9000212407601134a9c8,000010030092805100003400000009000000000000742500042090000501060000798500070000000,758216439492835176613479285249187653861953742537642891984521367326798514175364928,2,544,lc1,hodoku2-2.4.3+hsp-1.0,hodoku2-2.4.3-build-116,1,39799090b436e098e968bb926f5339f06d92d9e400367cdc1ccb5fd9926ba38c,1
hsp-9f9b7db46313c8e324d9,075030014020040000000000360900085600306009000010000000290150000000200040000000007,675832914123946785489571362942385671356719428718624593294157836537268149861493257,2,558,lc1,hodoku2-2.4.3+hsp-1.0,hodoku2-2.4.3-build-116,1,88db19b0c36c9a3057f894f32ba02768468c57a5f80ba930416fa874ea85e71a,1
hsp-ae9fd41fd6c8e5967c01,600000000000600030032059010800017009060000000000080000090040060000300900405000002,648731295159624837732859416823417659561293784974586123397142568286375941415968372,2,566,lc1,hodoku2-2.4.3+hsp-1.0,hodoku2-2.4.3-build-116,1,dd510fdf0246eef0a3813006ff5b27f6c9cf560a81d8250b5aad123041549290,1
hsp-f21f1af84bec5343f2f6,068050034000000000000020508016000040000008000000500216700300002030617900000000000,268759134945831627173426598516972843324168759897543216781395462432617985659284371,2,598,lc1,hodoku2-2.4.3+hsp-1.0,hodoku2-2.4.3-build-116,1,ac0326c0d206dff6a7282f3ca347d3698b51752fb034a69d710a3406d66d20b0,1
hsp-2b86b31755d76f440e53,170800000005001400009003020000000600000710980000395002013000500008000000500000190,172864359835921467469573821397248615254716983681395742913682574748159236526437198,2,614,lc1,hodoku2-2.4.3+hsp-1.0,hodoku2-2.4.3-build-116,1,cb56012815b4aabfedbff72e743bfe0d1a3af586e0043dab57add153b7d99177,1
hsp-58f1c8ad3d065db03b24,800094607000057480004000000200600000000000060095080000000000003400300800102740050,851294637326157489974836215243671598718529364695483721587962143469315872132748956,2,614,lc1,hodoku2-2.4.3+hsp-1.0,hodoku2-2.4.3-build-116,1,363a792cc92fa60ee5e0c2136cd1f26ae6320e9bff3d07ce00caad3576993db4,1
hsp-6dc78abe3e21d1cd89b1,500206000007000000000000000090020300000090008406507900000000070038000062002400030,549216783827943516361875294195628347273194658486537921654382179938751462712469835,2,736,l2,hodoku2-2.4.3+hsp-1.0,hodoku2-2.4.3-build-116,1,861e6e6b0cbc9250a87e49ec801b83a81eada152c907e025bc00e90d8f6b695a,1
hsp-1a936f46bba7478ea47e,000020000092000350300000040000009230700000001560210008680000007004085900000000000,458326719192847356376591842841679235723458691569213478685934127214785963937162584,2,758,l3,hodoku2-2.4.3+hsp-1.0,hodoku2-2.4.3-build-116,1,2f21a0c75dfbf6dfe6b3c458378d20a45ac69ab3d3d167a14b6a3c7e456946de,1
hsp-f48f85a6372ea1095a3d,069000002004017500037200000600000000000009060078300009000000000000400086006500427,569843172824617593137295648691724835253189764478356219742968351315472986986531427,2,834,lc1,hodoku2-2.4.3+hsp-1.0,hodoku2-2.4.3-build-116,1,8c5aae3b4a66d41a4f88273f5ffa60b40bfafecd0d0c9d5a783db3f60dce3af8,1
hsp-94fc8ab51aaf7dd6fb66,100800040970150080000460000000000457000700000000080000001026000003040708050000029,162897345974153286835462971328619457649735812517284693781926534293541768456378129,3,504,n3,hodoku2-2.4.3+hsp-1.0,hodoku2-2.4.3-build-116,1,c02c3f76bbc0fd3a9b563e44eec5681f9c958ab079f38d643c38cd084804e224,1
hsp-0f5c510b062bd1e2479c,000000100000706005900100820020040380000030400080000000006083009001200003300009000,562398174148726935937154826729645381615832497483971652256483719891267543374519268,3,508,n3,hodoku2-2.4.3+hsp-1.0,hodoku2-2.4.3-build-116,1,b4b410d5d537f5dec24d6a26fdfe9c59396a8618b1fd2f1d558c1ad6337bc655,1
hsp-01a88d306bf9f0584f71,000005000800000039609000000406900002010270000500080000000000047700600000030004061,123895674847162539659347128476951382318276495592483716261538947784619253935724861,3,522,n3,hodoku2-2.4.3+hsp-1.0,hodoku2-2.4.3-build-116,1,21eb9792f059afa1dc62ff00fab3f152ff850c46a99129cfc8886b8799184b81,1
hsp-375cac68cb9d605819b1,600003000000780000070006529000010472050070390000000000000000001508002930090000000,649523718125789643873146529986315472451278396732694185264937851518462937397851264,3,538,n3,hodoku2-2.4.3+hsp-1.0,hodoku2-2.4.3-build-116,1,e3c066fe54743e4f0ab2c2cec9315cca6abf15e1ce34aee33348cd0079d34bef,1
hsp-be7c3a1f235847167677,700003026396000010000000074007290005410000000008100240009800060800000000000029000,741583926396472518285916374637294185412358697958167243179835462823641759564729831,3,580,n3,hodoku2-2.4.3+hsp-1.0,hodoku2-2.4.3-build-116,1,a8a31475ea3e856e728120ee9ac00f3725c67570bcdbbdc665cb4c0ea23f2547,1
hsp-84c99ae6ecec4a908e2a,000421609000600040008000003821706000067900000000000000009070800005000020100009000,753421689912683547648597213821736495567942138394815762239174856475368921186259374,3,598,n3,hodoku2-2.4.3+hsp-1.0,hodoku2-2.4.3-build-116,1,bbab8c630382c9403bba48c5ec10a52ff6288877f5ff16b0d914cac5d089dee8,1
hsp-54cdaadf4e5d6efe21e7,800003100706980000300000000000000200050030094000270603000006002080701000000800040,829453176716982435345617928437569281652138794198274653574396812283741569961825347,3,618,n3,hodoku2-2.4.3+hsp-1.0,hodoku2-2.4.3-build-116,1,da686a879a6cedff8fa1e26e02eb97e1a80063e78a669076ecbe8a503be8a5b7,1
hsp-81e2322ae04cbf6a77e3,100067000370000000050000000000070104400902800000004030005400093000003020000086007,194867352376245981258139746529378164463912875817654239785421693641793528932586417,3,628,n3,hodoku2-2.4.3+hsp-1.0,hodoku2-2.4.3-build-116,1,770ebaf673e564320cb05af234cfaa675e1fd2ec968198751e7050aa34ca519a,1
hsp-bf97a297935b85eb4137,071090206604000000002400100000002465000000001000070300000000090400980000080760014,371598246654127983892436157937812465526349871148675329713254698465981732289763514,3,640,n3,hodoku2-2.4.3+hsp-1.0,hodoku2-2.4.3-build-116,1,f3142ced2a5d4f2aca9470877df5f114e94ef3fafe2063ebedf0bb988acf26d7,1
hsp-df22938c30b7857635ed,000090000000250600407001000809005102500000030600070050000000009001002500030704000,162493785398257614457681293879345162514826937623179458246518379781932546935764821,3,648,bf2,hodoku2-2.4.3+hsp-1.0,hodoku2-2.4.3-build-116,1,21882239e36b1c68eca916c93cf4c34a61b209e12cbd5622b38de3398f6934d3,1
hsp-e843853785eb01492b6f,050000004900000000000001078690004700073010020000023000030000047060800002500009030,751398264948672351326451978692584713873916425415723689239165847164837592587249136,3,664,n3,hodoku2-2.4.3+hsp-1.0,hodoku2-2.4.3-build-116,1,c6ef66f19bb0c6aa7245d2d42dee93d6985d9ead10bfbf373bf0693e1b6d54c1,1
hsp-719af0567711933ab224,800000073250700000000600000007000500390000000000006049080009000000310600600005280,846152973253794816971683425467921538398547162512836749184269357725318694639475281,3,672,n3,hodoku2-2.4.3+hsp-1.0,hodoku2-2.4.3-build-116,1,e56641d8a4840b5bbd94aa71f0be6223abb583dc30bf0b2ffa94e0826fda3065,1
hsp-d48de5552780bf19eb97,009031000005020000000000290000000970018070050093610000200008000501000000000000068,829731645365429817147586293652843971418972356793615482276198534581364729934257168,3,682,n3,hodoku2-2.4.3+hsp-1.0,hodoku2-2.4.3-build-116,1,8f6746c10a186e5fda220dd9997aa3e8f11f135f4f11d4b2afe620c892892d4e,1
hsp-f7b818119e12f4910ec0,930050000000000000750900016014002000000000000000140070300070100680000002007025830,931256487468317925752984316814762593273598641596143278325879164689431752147625839,3,684,n3,hodoku2-2.4.3+hsp-1.0,hodoku2-2.4.3-build-116,1,8546ec058d90340f4380c548f06ab09ddab398f28eb93b90f6fc86d7d390a9b3,1
hsp-49444ea334d858c41814,000100070009002610000000004178005300000030020230040060740000000000080090000620400,426158973389472615517396284178265349964837521235941768742519836653784192891623457,3,704,n3,hodoku2-2.4.3+hsp-1.0,hodoku2-2.4.3-build-116,1,f6cd288c19804963361dbca61ae40b9af250f08a8a6206e9d508e1daffb6aa07,1
hsp-0fdf26df11938f83d8c8,000600037050004900736009400000000000009400070804090000040000810302010509000008000,498651237251374986736829451173582694529463178864197325647935812382716549915248763,3,730,n3,hodoku2-2.4.3+hsp-1.0,hodoku2-2.4.3-build-116,1,51577c9136ce2d12ab5fa1bf1b7e98625a0a371ec64fcc3fb152bb42d7d3a5bf,1
hsp-c0b36508a50e4fb7e7f3,000000070080360000203000801300000010000710039500040000070900500000000082005002000,954821376781369254263574891347298615628715439519643728172986543436157982895432167,3,782,n3,hodoku2-2.4.3+hsp-1.0,hodoku2-2.4.3-build-116,1,ac7e3486a1c476f16698e9865ed749b07ccb0e6ec4989734c355d274cd0b71a8,1
hsp-b5144d3398bcffc21603,270800000300000007000040000600000000005400170000160000000026830003000040506090001,271853964364219587958647312612978453895432176437165298149726835723581649586394721,3,792,n3,hodoku2-2.4.3+hsp-1.0,hodoku2-2.4.3-build-116,1,755997ed18dc30b52b761f116d34a83eb8820ca8d4f97dffa63504e532a9638d,1
hsp-08d3c19941df547c4f46,009085200180090000000000400340800000025004900000007600004600001500000007000030000,469785213182493756753126489347869125625314978891257634234678591518942367976531842,3,842,n3,hodoku2-2.4.3+hsp-1.0,hodoku2-2.4.3-build-116,1,153bfd99e269ca8051e436162c1d9b8ae37fd9e532a7d244c03d5bdcf9dbd2ec,1
hsp-97a8c7112aaabc7f3ff5,002000001007650309000109000020490000340200100000000600003000060000020500508700000,962834751187652349435179286721496835346285197859317624273541968614928573598763412,3,898,n3,hodoku2-2.4.3+hsp-1.0,hodoku2-2.4.3-build-116,1,96bbc66b55ba4b67ab3c54c3b181e978e4564c5c4489ba12e3143ea225ebb3a7,1
hsp-3bbb3dd6cf7e0636618d,598700060060000070170002890000040000000003000000060900205000007000001008700800200,598714362462389571173652894631948725957123486824567913285496137349271658716835249,4,518,xy,hodoku2-2.4.3+hsp-1.0,hodoku2-2.4.3-build-116,1,be49c198baecfb925d2433ea26777728e03bba5dc57fd76ef50833ae08572fb0,1
hsp-7297e4ee94d7fa68cc6b,000000400000090702290867005150000000030581070700040000800013000005000000000700048,617235489583194762294867135158672394439581276762349851846913527975428613321756948,4,530,sk,hodoku2-2.4.3+hsp-1.0,hodoku2-2.4.3-build-116,1,863df79abd12c1030bf4d3b777c5f00a7998334aaf80ba33d51f2cbabeeeab7d,1
hsp-9c0802f5b7c0afa5bcf9,000903167000000000000704920050000000020600040000100309042000000006001530000000612,584923167297516483613784925451839276329657841768142359142365798876291534935478612,4,584,rp,hodoku2-2.4.3+hsp-1.0,hodoku2-2.4.3-build-116,1,5f4d29d4a787f78122098d1c21d9433268d4feeb16156238a89501e66f489155,1
hsp-46d01338c7c0dc3225f6,000040051500009040001750300400590028000000000068004000030000805000000000000006709,327648951586139247941752386473591628295863174168274593634927815719385462852416739,4,648,rp,hodoku2-2.4.3+hsp-1.0,hodoku2-2.4.3-build-116,1,6673f969eb6bab5e02e8adf221a81ba24e3e5e1d56dbbb835d2430f41f771375,1
hsp-5c25295ed19aa3c623b1,105400300008079065060000004050000000004000006000000780000012050007090003049300000,175426398438179265962835174853267941724981536691543782386712459517694823249358617,4,654,w,hodoku2-2.4.3+hsp-1.0,hodoku2-2.4.3-build-116,1,9f1e11dc6e35f80a3f51d471fc612c8b40708aca81254df15e8e7b9c6ba059b5,1
hsp-0c9e7d4dcdef2711ff7a,000900000004208160905060000000019800000000000100680093620400000040000052007801000,216974538374258169985163274463519827798342615152687493629435781841796352537821946,4,660,sk,hodoku2-2.4.3+hsp-1.0,hodoku2-2.4.3-build-116,1,ea1bb7c619dc0ca9466d7e7a962afb717afddda26d1832757c08dc40b4e0e3f7,1
hsp-181e05a6d9366d3d2d2c,008600000200000094430100002840000007000800000000000203604005028000400000590780060,978624135251378694436159872845263917327891546169547283614935728782416359593782461,4,690,w,hodoku2-2.4.3+hsp-1.0,hodoku2-2.4.3-build-116,1,ea9a2767c61f3b8f4cef5545f97fd43c52170e95406049af2eeabc837eb8a1f9,1
hsp-60ec45c1edf2c34c7b27,800049000600050003503600080302080000000000007004012060000008020018000000000260001,871349652629851473543627189362784915185936247794512368936178524218495736457263891,4,714,xyz,hodoku2-2.4.3+hsp-1.0,hodoku2-2.4.3-build-116,1,8296255d540a92e40e67d38907b678f0ca5ceb4defd679e19b4c27ca46f194f0,1
hsp-6db21f265fa3f96a1205,600020385090000100000070000006004790287000000000000003050000000000100054800560019,671429385498653172325871946536214798287395461914786523152948637769132854843567219,4,744,w,hodoku2-2.4.3+hsp-1.0,hodoku2-2.4.3-build-116,1,6dc54b5716c9aa1d056fe3727c19cb668a8c9786289906972016926b63b52d5b,1
hsp-48b92aa6026a2d601fd0,300008970002600001000000000000000840400706029080920000905800100070160000000000003,316458972892637451547291638729315846451786329683924715935842167278163594164579283,4,794,2sk,hodoku2-2.4.3+hsp-1.0,hodoku2-2.4.3-build-116,1,aa586f799840075437f9150056c49631a03e66ab3d70d219acf38ca3ed3d4917,1
hsp-92d4327414e0b7248434,020190004000002705903000000510200006008009040000670000000000000240000000000037200,725198634481362795963745128514283976678519342392674581139826457247951863856437219,4,822,sk,hodoku2-2.4.3+hsp-1.0,hodoku2-2.4.3-build-116,1,b2ca9f77510c84531029719f23d86e879d66b2bf32e9fa7e02776a9011a97d04,1
hsp-abd504ac5456b49514cd,000029500020600000000754100080000000009000320160070090006000000000800004290400003,671329548425681739938754162382596417759148326164273895846937251513862974297415683,4,848,sk,hodoku2-2.4.3+hsp-1.0,hodoku2-2.4.3-build-116,1,f1a82d459ea2b34991245739d948728a241f77d84ae718b3d597ca8a3f9f6f05,1
hsp-7d7d5fd2f7c10294cba9,060035080000420009000000000007000002090800501230900800000006000012000900058003000,169735284375428619824619375587361492496872531231954867743296158612587943958143726,4,848,w,hodoku2-2.4.3+hsp-1.0,hodoku2-2.4.3-build-116,1,ef949f5129572f1c589b425f6a7a5e26cfb621cfccba2559df4a6d473c49cb7c,1
hsp-1bc4d93aa99b81a48d09,200000060004000520015000003003205007000000800150030000040050008007008900500100000,279583164834761529615942783483295617792614835156837492941356278367428951528179346,4,848,sk,hodoku2-2.4.3+hsp-1.0,hodoku2-2.4.3-build-116,1,4bd6fb3d88a18829da8f069c3d1d7fd33a8834ab7560fadbec68c1dd897a969f,1
hsp-eb28894ebe1748caa5f1,500004680000000040000026005000005200270130000000800403089000000006000000001073060,597314682632587149148926735863745291274139856915862473789651324326498517451273968,4,848,xy,hodoku2-2.4.3+hsp-1.0,hodoku2-2.4.3-build-116,1,9d5155958320f9b1a05118a8c0712e5132aeed972f1bba14fa215ac6b7783e5d,1
hsp-de98ca323d0a675cef40,060000000000020906530061040000710089700004005004000000041000000007000020000006107,462937851178425936539861742256713489783694215914582673341279568697158324825346197,4,918,rp,hodoku2-2.4.3+hsp-1.0,hodoku2-2.4.3-build-116,1,e9c308db10e09abca3f349562102c0595c0d65fc6d5806ca1059424f14bc7ba2,1
hsp-fae8558fee2a73512ce0,310920000800000000040605130000000608003200900001000000056307201000000360000009004,315924876862731495749685132427593618583216947691478523956347281174852369238169754,4,950,u4,hodoku2-2.4.3+hsp-1.0,hodoku2-2.4.3-build-116,1,75004f240572c6c37e269a21d2d11d255e425268ce76d8fe42c8c4374221b4b3,1
hsp-866ac60dc428cf471f97,102875040000000005700001200000000400078000052960002800000730000600000003501009000,192875346384926175756341298215687439478193652963452817829734561647518923531269784,4,1140,sk,hodoku2-2.4.3+hsp-1.0,hodoku2-2.4.3-build-116,1,85cfb606cf55456c6b7b969c4a735c220da91674c7462bec71485d1453b0bb42,1
hsp-504aad1042a423492ba1,000037809017008000080000050000600000005000300000000541204100000030005000090004207,652437819317598426489216753148653972725941368963872541274189635836725194591364287,4,1248,2sk,hodoku2-2.4.3+hsp-1.0,hodoku2-2.4.3-build-116,1,381b62b64e7063371b55e63d31694e619609276924f01f496b463d12bebe4338,1
hsp-becaa8ce85c23799ab1a,000000300307040100810006002000500000600100043008007500000000020086309000500700000,952871364367245189814936752491583276675192843238467591143658927786329415529714638,4,1388,w,hodoku2-2.4.3+hsp-1.0,hodoku2-2.4.3-build-116,1,eccb0c8d65ba70adc6124f156f3ebdbe00b8d49393d164aad8ae161acd8c482c,1
hsp-5da1182578039a87c492,096047280000600000200300000080000600000002004109800000000700000045000019008000320,596147283834629157217358946482573691653912874179864532921735468345286719768491325,5,828,xyc,hodoku2-2.4.3+hsp-1.0,hodoku2-2.4.3-build-116,1,335fc65c5b557146c792f5a2089793480fed5b3fc4a7683a468a5cf55ba69e36,1
hsp-3531bde7a01dcd390911,600051073100000005000632080900000427480000000010000500000000000000300090000829060,698451273123987645574632189935168427482573916716294538849716352267345891351829764,5,944,aic,hodoku2-2.4.3+hsp-1.0,hodoku2-2.4.3-build-116,1,209c956cbecbebd98a3afa3080f388b45bf81aae5b7a61d5828e39616e9d5c01,1
hsp-224d121399101a5c5213,008061000000000480070405600000010006903000000000002050000000000024900531530000902,498761325651239487372485619285314796913657248746892153169523874824976531537148962,5,954,aic,hodoku2-2.4.3+hsp-1.0,hodoku2-2.4.3-build-116,1,a91ca1f9d76eca0da0bcc76c1159bce5035f944f162f9d7b6d9c1806e4398332,1
hsp-397e85140da3e10703c0,620000000000100050051608024870290000000800000003050006046000009000000010002031005,629345178487129653351678924875296341264813597913754286146582739538967412792431865,5,1050,aic,hodoku2-2.4.3+hsp-1.0,hodoku2-2.4.3-build-116,1,3d88cc8726bc380c3c608a2bb004fb1908b6dc59404b223197b95e90ff94be4d,1
hsp-cc1577f7533df73a6372,900000000000506000000070004001002040080300000070089025020000301540068007000000050,967421538438596712152873964691752843285314679374689125726945381543168297819237456,5,1088,sdc,hodoku2-2.4.3+hsp-1.0,hodoku2-2.4.3-build-116,1,0edd07761d801b4ba880909f52ab294e944793cc962ed45fbefb28ed620bdfb4,1
hsp-7bedd2fa26aaa875117d,000010080000000000940500000000300002170000004005097301601009030000080100007006208,752613489318974625946528713469351872173862954825497361681249537234785196597136248,5,1104,xyc,hodoku2-2.4.3+hsp-1.0,hodoku2-2.4.3-build-116,1,9113c9fdd3a5390f3e9173fc45e1a3918cfd42d3ff3e3092c54c55e9c9cf5e5b,1
hsp-f74c6ca211516aa6c33e,000700400020005000000930002080000000000000600009613520092000000601400000530008010,365782491928145367417936852286597134153824679749613528892361745671459283534278916,5,1148,aic,hodoku2-2.4.3+hsp-1.0,hodoku2-2.4.3-build-116,1,a911627e459ab78332137d024f0ab34b54a0635205160f407e48d191ac0a5dce,1
hsp-c16956601d280125bcfb,000002004034500009007000003000060090109027060500800000942000058000010030000000006,691732584234581679857946213423165897189327465576894321942673158765418932318259746,5,1174,sdc,hodoku2-2.4.3+hsp-1.0,hodoku2-2.4.3-build-116,1,f32e56ce57013c255a690416c07e820891e91631e89b8cdce289410d7878bb14,1
hsp-bc8134c2c32a4d87ff04,080209063040010070000000800006000000018020600400090000009006280300050900000000000,587249163642318579193765842276583491918427635435691728759136284364852917821974356,5,1242,sbf3,hodoku2-2.4.3+hsp-1.0,hodoku2-2.4.3-build-116,1,90db238eccc2331f2cdb244db8628cd0d238bcc705b7e2eba750e14d342490b5,1
hsp-0a7ac0a93eac51116971,168000000000000920290000070000003009000006405005079000500600000004000800009080001,168927354457361928293548176846253719972816435315479682581634297724195863639782541,5,1282,sdc,hodoku2-2.4.3+hsp-1.0,hodoku2-2.4.3-build-116,1,fa2f9e41b630cd14ee73f2205f7b3afbc78a7d982ae4ba5d970e0605e1d506b1,1
hsp-0938ef8703cb75127900,000090000003004029600803000000580230000000004901040075400000000800000000020700056,148297563573164829692853147764589231235671984981342675457926318816435792329718456,5,1398,aic,hodoku2-2.4.3+hsp-1.0,hodoku2-2.4.3-build-116,1,384364e33d8697dfc7ecff9f2dda29774ec3b1be56d199a9fe949d1e09940e77,1
hsp-5fb271c7c5517878e625,000010009058300017000000000070045002901820560000000000003060108000500600600000000,467218359258396417139754826376145982941827563825639741593462178712583694684971235,5,1408,dnl,hodoku2-2.4.3+hsp-1.0,hodoku2-2.4.3-build-116,1,2bc13c4da758127cd762a55edb47c3741548aba91edbad60d527d038915e9f98,1
hsp-ca1098f8377cc0e4a73f,004690120060700000000000009000000400010000070009347005875400000002960300000002000,754698123961723854238514769527189436413256978689347215875431692142965387396872541,5,1534,xyc,hodoku2-2.4.3+hsp-1.0,hodoku2-2.4.3-build-116,1,59bc7a9bff839e85dbf4102f03c6dedf74522b83c830e6900e485a6089b7c774,1
hsp-491b6e9a793d5c5c34b5,000006013600080009400709000067008000000000500230060000000000100800000004051200380,975426813612583479483719625567948231194372568238165947346857192829631754751294386,5,1558,xyc,hodoku2-2.4.3+hsp-1.0,hodoku2-2.4.3-build-116,1,e472b0eb87cbbdfccba9c7abc398954ab6269dad262753bc8ac0bd6627a786ca,1
hsp-725d703f8e31fc0115f9,006078204070201300005000078197000080000016000020000000000069000000400000500000890,916378254874251369235694178197542683453816927628937541782169435369485712541723896,5,1584,aic,hodoku2-2.4.3+hsp-1.0,hodoku2-2.4.3-build-116,1,536858e0b3604e26615055877f82053a4015c14d9bf6f182a0ef36a4bae12915,1
hsp-230386aad2b36c4dbcf0,046000007327000800000008000000300070200064050000002000005000000080000004400001203,846513927327946815591278436964385172218764359753192648635429781182637594479851263,5,1606,sdc,hodoku2-2.4.3+hsp-1.0,hodoku2-2.4.3-build-116,1,30165e9d264f0bb46df9c97b6099c82faa880f7dc436f3851e08951eb7f4bf22,1
hsp-58888b580b26d4d1e168,015000009080000040320001000006037290100005800000060000003000470000094000060072010,715486329689723145324951687546837291197245836832169754953618472271394568468572913,5,1630,aic,hodoku2-2.4.3+hsp-1.0,hodoku2-2.4.3-build-116,1,f6657bdabb73107ac647de652ba6fd44347e723418303bd93a0cf3cac8d0f759,1
hsp-13b903b81b9d64115302,000000007100000000040370500970030006028000050000010800000400060005006001030980000,253194687187562394649378512971835246328647159564219873712453968895726431436981725,5,1662,xyc,hodoku2-2.4.3+hsp-1.0,hodoku2-2.4.3-build-116,1,73bc2a24b1b8f28ebb929fcaebf0944e9c18115a01d75ad8983b04bb3696e70e,1
hsp-987d50b77c2ec8e2d55c,000000009000000264320100050900005030000001702080003000140700000005038000000000090,867524319519387264324196857972845136453961782681273945148759623295638471736412598,5,1742,xyc,hodoku2-2.4.3+hsp-1.0,hodoku2-2.4.3-build-116,1,eefca7d583a9d0c34d5061d594f84cebc3910a1e3385ea3364692874df7c719d,1
hsp-e2ad888292e77c778708,004000030650000000020008904200000000000203067060900000000580000007036840000002000,914725638658394721723618954275861493489253167361947285142589376597136842836472519,5,1792,xyc,hodoku2-2.4.3+hsp-1.0,hodoku2-2.4.3-build-116,1,b15d53b57502217db83fe3738bd76d7e72630dad3b488fda5cc9083f8e323070,1
